"Country","Mexico","Canada","U.S"
"Mexico       ",NA,118.85121885922,127.79645267222
"Canada       ",57.5724014088971,NA,10.5324974763649
"USA          ",105.917293284281,6.09078581869507,NA
