"Country","ToT","VoT","Welfare"
"Mexico",-9.92879433623274e-05,0.00458931625208265,0.00449002830872033
"USA",6.61070821598154e-06,0.000202349570911684,0.000208960279127666
