"Country","Mexico","Canada","U.S"
"Mexico       ","NaN","116.59861809252","118.308451936204"
"Canada       ","58.5732498154236","NaN","9.4876304715845"
"USA          ","109.541216850315","6.57026776068017","NaN"
